article1,article2,Est. J,Act. J
t2955,t6608,0.791664646,0.777409372
t2749,t5417,0.906995353,0.93437136
t4761,t6333,0.926250111,0.728465511
t2479,t6844,0.806269159,0.558667316
t2365,t6646,0.78539124,0.993684867
t1866,t6248,0.867757398,0.948315528
t1086,t8128,0.858967951,0.614143147
t3134,t7936,0.831812,0.603704207
t4885,t7226,0.992760716,0.880522297
t3770,t8800,0.899139153,0.833003081
